"SKU","URL","Title","Stock","Price","Auction","Description","Condition","Shipping","Versions","Listing Ended","Image_1","Image_2","Image_3","Image_4","Image_5","Image_6","Image_7","Image_8","Image_9","Image_10","Image_11","Image_12"
"e","https://www.ebay.com/itm/135703557299","TROLLMaster PRO3+ Wireless Remote Control System [TMPRO3PLUS]","NA","US $50.00","True","eBay
Purchased the new trollmaster pro angler and no longer need. The servo is acting strange and does not stay where it’s supposed to. Could be simple fix. Message me with any questions","For parts or not working","US $15.00  USPS Priority Mail ® . See detailsfor shipping for shipping Located in: Central City, Nebraska, United States","NA","True","https://i.ebayimg.com/images/g/Tc0AAeSwVbpn~l57/s-l140.jpg","https://i.ebayimg.com/images/g/Hg0AAeSwsdtn~l57/s-l140.jpg","https://i.ebayimg.com/images/g/Tc0AAeSwVbpn~l57/s-l1600.jpg","https://i.ebayimg.com/images/g/Hg0AAeSwsdtn~l57/s-l1600.jpg","https://i.ebayimg.com/images/g/mMAAAeSwSs5n~l57/s-l500.jpg","https://i.ebayimg.com/images/g/Tc0AAeSwVbpn~l57/s-l500.jpg","https://i.ebayimg.com/images/g/Hg0AAeSwsdtn~l57/s-l500.jpg","","","","",""
"c","https://www.ebay.com/itm/232032446194","17 Gallon Fuel Gas Tank For 1985-1988 Chevy Monte Carlo 84-87 Buick Regal Silver","More than 10 available","US $141.25","False","eBay
Evan Fischer Auto Parts Ebay Store
17 Gallon Fuel Gas Tank For 1985-1988 Chevy Monte Carlo 84-87 Buick Regal Silver
Description
Terms of Use
|
Warranty Coverage Policy
Replacement Fuel Tank
REPB670103
JC WHITNEY FUEL TANKS
Built from durable  galvanized steel
Powder-coated finish protects against rust and corrosion
Designed as a direct replacement to your vehicle’s factory fuel tank
Individually quality tested
Manufactured to strict factory specifications  JC Whitney Fuel Tanks directly replace your leaking or corroded tank to get you back on the road. High-grade galvanized steel construction provides long-term durability and a silver powder-coated finish protects against corrosion. Every JC Whitney fuel tank is quality-tested prior to leaving the factory.
With over 105 years of automotive history  JC Whitney embodies America's enduring passion for cars. Our premium  meticulously-crafted auto parts and commitment to quality and reliability have earned us the trust of loyal customers for generations.
Notes
With Filler Neck  36-1/4 x 24-1/4 x 8-7/8  Lock Ring Kit Included
Brand New in the Box -
Fit and Quality Guaranteed!
Material
Galvanized Steel
Capacity
17 gallons / 64 liters
Anticipated Ship Out Time
Same day - 1 business day
Quantity Sold
Sold Individually
Product Fit
Direct Fit
Replaces OE Number
22523080
Color/Finish
Painted
Recommended Use
OE Replacement
Replaces Partslink Number
GM3900132
Notes
With filler neck  lock ring  and pan in tank; Without seal(s); Color/finish will not affect quality and performance of the product
Interchange Part Number
GM307C  22523080  GM3900132
Prop 65 Warning
WARNING: This product can expose you to chemicals including Chromium  Lead and lead compounds  which is known to the State of California to cause cancer and birth defects or other reproductive harm. For more information go to www.P65Warnings.ca.gov.
For Online Marketplace
For Online Marketplace
Returns Policy
30-Day Return Policy
Compatible with the following vehicles:
Buick
87 Regal GNX
84-86 Regal T-Type
84-87 Regal (submodel: Base  Grand National  Limited)","New","Free  Standard Shipping . See detailsfor shipping for shipping Located in: Grand Prairie, TX, United States","NA","NA","https://i.ebayimg.com/images/g/StAAAeSwHAxn~x8G/s-l140.jpg","https://i.ebayimg.com/images/g/jxMAAeSwZptn~x8G/s-l140.jpg","https://i.ebayimg.com/images/g/o80AAeSwIFtn~x8G/s-l140.jpg","https://i.ebayimg.com/images/g/pXIAAeSwzi9n~x8G/s-l140.jpg","https://i.ebayimg.com/images/g/StAAAeSwHAxn~x8G/s-l1600.jpg","https://i.ebayimg.com/images/g/jxMAAeSwZptn~x8G/s-l1600.jpg","https://i.ebayimg.com/images/g/o80AAeSwIFtn~x8G/s-l1600.jpg","https://i.ebayimg.com/images/g/pXIAAeSwzi9n~x8G/s-l1600.jpg","https://i.ebayimg.com/images/g/vNAAAeSwndtn~x8G/s-l500.jpg","https://i.ebayimg.com/images/g/StAAAeSwHAxn~x8G/s-l500.jpg","https://i.ebayimg.com/images/g/jxMAAeSwZptn~x8G/s-l500.jpg","https://i.ebayimg.com/images/g/o80AAeSwIFtn~x8G/s-l500.jpg"
"d","https://www.ebay.com/itm/323831836624","SUGAR FREE SOURS - Jelly Belly Candy Jelly Beans - (1) 2.8oz BAG - FRESH","More than 10 available","US $5.39","False","eBay
SUGAR FREE SOURS
Have the fun of Jelly Belly Sours without the sugar! Our sugar-free formula has 28% fewer calories than regular beans. Included are our most popular sour flavors.
Sour Cherry
Sour Grape
Sour Green Apple
Sour Orange
Sour Lemon
WARNING: Consumption may cause stomach discomfort and/or a laxative effect. Individual tolerance will vary; we suggest starting with 6 pieces or less.
Approximately 400 beans per pound  color as represented is accurate as possible  depending on your video and/or monitor settings.  All Jelly Belly jelly beans are certified OU Kosher by the Orthodox Union.
Snack Attack's Top flavors
Berry Blue  ~  Blueberry  ~  Bubble Gum  ~  Buttered Pop Corn
Cappuccino  ~  Caramel Corn  ~  Chili Mango  ~  Cinnamon
Coconut  ~  Cotton Candy  ~  A&W Creme Soda  ~  Crushed Pineapple
Dr Pepper  ~  Green Apple  ~  Island Punch  ~  Juicy Pear  ~  Lemon Drop
Lemon Lime  ~  Licorice  ~  Mango  ~  Mixed Berry Smoothie  ~  Peach
Orange Sherbet  ~  Pina Colada  ~  Pomegranate  ~  Red Apple
A&W Root Beer  ~  Sizzling Cinnamon  ~  Strawberry Cheesecake
Strawberry Daiquiri  ~ Sunkist Tangerine  ~  Sour Apple  ~  Sour Grape
Toasted Marshmallow  ~  Top Banana  ~  Tutti-Fruitti  ~  Very Cherry
Watermellon  ~  Honey Bean  ~  7UP  ~  Grape Crush  ~  Orange Crush
Rich red gummi bears that make the taste buds sizzle. A wonderful gummi candy that packs a serious punch. Some like it hot - so be prepared for a BLAST!
Approximately 400 beans per pound  color as represented is accurate as possible  depending on your video and/or monitor settings.  All Jelly Belly jelly beans are certified OU Kosher by the Orthodox Union.
Snack Attack's Top flavors
Berry Blue  ~  Blueberry  ~  Bubble Gum  ~  Buttered Pop Corn
Cappuccino  ~  Caramel Corn  ~  Chili Mango  ~  Cinnamon
Coconut  ~  Cotton Candy  ~  A&W Creme Soda  ~  Crushed Pineapple
Dr Pepper  ~  Green Apple  ~  Island Punch  ~  Juicy Pear  ~  Lemon Drop
Lemon Lime  ~  Licorice  ~  Mango  ~  Mixed Berry Smoothie  ~  Peach
Orange Sherbet  ~  Pina Colada  ~  Pomegranate  ~  Red Apple
A&W Root Beer  ~  Sizzling Cinnamon  ~  Strawberry Cheesecake
Strawberry Daiquiri  ~ Sunkist Tangerine  ~  Sour Apple  ~  Sour Grape
Toasted Marshmallow  ~  Top Banana  ~  Tutti-Fruitti  ~  Very Cherry
Watermellon  ~  Honey Bean  ~  7UP  ~  Grape Crush  ~  Orange Crush","New","US $5.85  USPS First Class ® . See detailsfor shipping for shipping Located in: Auburn, California, United States","NA","True","https://i.ebayimg.com/images/g/lBQAAOSwsU5Zy8Zt/s-l140.jpg","https://i.ebayimg.com/images/g/lBQAAOSwsU5Zy8Zt/s-l1600.jpg","https://i.ebayimg.com/images/g/IPQAAOSwVFlT95KO/s-l500.jpg","https://i.ebayimg.com/images/g/lBQAAOSwsU5Zy8Zt/s-l500.jpg","","","","","","","",""
"b","https://www.ebay.com/itm/175907949323","New Regulator Rectifier 20-30AMP for Kohler 25-403-39-S 25-403-21-S 25-403-29-S","Last one","US $36.06","False","eBay
Premium Quality Replacement Part
REGULATOR RECTIFIER
Compatible with Following KOHLER Models:
CH1000-0002 BASIC 37 HP (27.5 kW)
CH1000-0010 YETMAN'S LTD 37 HP (27.5 kW)
CH1000-0011 MAGNETO 37 HP (27.5 kW)
CH1000-0012 BASIC 37 HP (27.5 kW)
CH1000-0013 DESSCO 37 HP (27.5 kW)
CH1000-0016 ZIEGLER 37 HP (27.5 kW)
CH1000-2002 BASIC 37 HP (27.5 kW)
CH1000-2010 YETMAN'S LTD 37 HP (27.5 kW)
CH1000-2012 BASIC 37 HP (27.5 kW)
CH1000-2019 U-YOUNG 37 HP (27.5 kW)
CH1000-2020 YETMAN'S LTD 37 HP (27.5 kW)
CH1000-2023 BASIC 37 HP (27.5 kW)
CH1000-2029 U-YOUNG 37 HP (27.5 kW)
CH1000-2031 LOMBARDINI 37 HP (27.5 kW)
CH1000-3000 MARKETING BASIC 37 HP (27.5 kW)
CH1000-3001 MARKETING BASIC 37 HP (27.5 kW)
CH1000-3002 MARKETING BASIC 37 HP (27.5 kW)
CH1000-3003 MARKETING BASIC 37 HP (27.5 kW)
CH1000-3014 ALLEN ENGINEERING 37 HP (27.5 kW)
CH1000-3015 YETMAN'S LTD 37 HP (27.5 kW)
CH1000-3016 VERMEER 37 HP (27.5 kW)
CH1000-3018 SCAG 37 HP (27.5 kW)
CH1000-3019 BANDIT 37 HP (27.5 kW)
CH1000-3020 LOMBARDINI 37 HP (27.5 kW)
CH1000-3022 GARDNER 37 HP (27.5 kW)
CH1000-3025 HUSQVARNA 37 HP (27.5 kW)
CH1000-3026 GARDNER OHIO HURRICANE 37 HP (27.5 kW)
CH1000-3027 M&L ENGINE 37 HP (27.5 kW)
CH1000-3032 PES-TAJFUN 37 HP (27.5 kW)
CH1000-3036 PES-REPOWER SPECIALIST
CH15-44546 15 HP (11.2 kW)
CH18-62572 SINGAPORE AUTO 18 HP (13.4 kW)
CH18-62575 RHM 18 HP (13.4 kW)
CH18-62593 LASKI 18 HP (13.4 kW)
CH18-62636 GRACO 18 HP (13.4 kW)
CH18-62640 18 HP (13.4 kW)
CH18-62643 TAYLOR-DUNN 18 HP (13.4 kW)
CH18-62654 MAKELIM 18 HP (13.4 kW)
CH20-64519 TERRAMITE 20 HP (14.9 kW)
CH20-64568 TENNANT 20 HP (14.9 kW)
CH20-64572 STEINER 20 HP (14.9 kW)
CH20-64593 GOMACO 20 HP (14.9 kW)
CH20-64596 SILVER EAGLE 20 HP (14.9 kW)
CH20-64645- LIMITED WARRANTY 3 YRS RESIDENTIAL/3 YRS COMMERCIAL KOYKER 20 HP (14.9 kW)
CH20-64690- LIMITED WARRANTY 3 YRS RESIDENTIAL/3 YRS COMMERCIAL MI T M 20 HP (14.9 kW)
CH20-64719- LIMITED WARRANTY 3 YRS RESIDENTIAL/3 YRS COMMERCIAL TERRAMITE 20 HP (14.9 kW)
CH20-64740- LIMITED WARRANTY 3 YRS RESIDENTIAL/3 YRS COMMERCIAL LAZER 20 HP (14.9 kW)
CH22-76542- LIMITED WARRANTY 3 YRS RESIDENTIAL/3 YRS COMMERCIAL SOFF CUT 22 HP (16.4 kW)
CH23-76557 THOMAS 23 HP (17.2 KW)
CH23-76625 MAKELIM 23 HP (17.2 KW)
CH23-76632 BUFFALO TURBINE 23 HP (17.2 KW)
CH23-76640 DITCH WITCH 23 HP (17.2 KW)
CH25-68519 WHITEMAN INDUSTRIES 25 HP (18.61 kW)
CH25-68550 BARTELL INDUSTRIES 25 HP (18.61 kW)
CH25-68607 BASIC 25 HP (18.61 kW)
CH25-68705 STERN 25 HP (18.61 kW)
CH26-78511 EXMARK MFG. 26 HP (19.4 kW)
CH26-78512 ALLEN ENGINEERING 26 HP (19.4 kW)
CH26-78515 MULTIQUIP 26 HP (19.4 kW)
CH26-78525 26 HP (19.4 kW)
CH26-78526 Chesapeake 26 HP (19.4 kW)
CH26-78527 WHITEMAN 26 HP (19.4 kW)
CH26-78528 WALKER MFG. 26 HP (19.4 kW)
CH430-0023 Pitt 13 HP (9.7 kW)
CH620-0030 - LIMITED WARRANTY 3 YRS RESIDENTIAL/3 YRS COMMERCIAL GARDNER 19 HP (14.2kW)
CH620-3015 - LIMITED WARRANTY 3 YRS RESIDENTIAL/3 YRS COMMERCIAL MAKELIM 19 HP (14.2kW)
CH620-3031 - LIMITED WARRANTY 3 YRS RESIDENTIAL/3 YRS COMMERCIAL MI T M 19 HP (14.2kW)
CH620-3037 - LIMITED WARRANTY 3 YRS RESIDENTIAL/3 YRS COMMERCIAL GRACO 19 HP (14.2kW)
CH620-3049 - LIMITED WARRANTY 3 YRS RESIDENTIAL/3 YRS COMMERCIAL MAKELIM 19 HP (14.2kW)
CH620-3054 - LIMITED WARRANTY 3 YRS RESIDENTIAL/3 YRS COMMERCIAL RHM 19 HP (14.2kW)
CH620-3059 - LIMITED WARRANTY 3 YRS RESIDENTIAL/3 YRS COMMERCIAL GRACO 19 HP (14.2kW)
CH620-3087 - LIMITED WARRANTY 3 YRS RESIDENTIAL/3 YRS COMMERCIAL GARDNER 19 HP (14.2kW)
CH620-3088 - LIMITED WARRANTY 3 YRS RESIDENTIAL/3 YRS COMMERCIAL GARDNER 19 HP (14.2kW)
CH620-3112 LAZER 19 HP (14.2kW)
CH620-3113 - LIMITED WARRANTY 3 YRS RESIDENTIAL/3 YRS COMMERCIAL GRACO 19 HP (14.2kW)
CH620-3114 - LIMITED WARRANTY 3 YRS RESIDENTIAL/3 YRS COMMERCIAL MAKELIM-TAY 19 HP (14.2kW)
CH620-3128 MI-T-M-PRESSURE WASHER (LPAC)
CH620-3140 - LIMITED WARRANTY 3 YRS RESIDENTIAL/3 YRS COMMERCIAL GARDNER-WOOD MIZER 19 HP (14.2kW)
CH640-0043 CPT 20.5 HP (15.3 kW)
CH640-3043 CPT 20.5 HP (15.3 kW)
CH640-3048 MI T M 20.5 HP (15.3 kW)
CH640-3060 SILVER EAGLE 20.5 HP (15.3 kW)
CH640-3061 GOMACO 20.5 HP (15.3 kW)
CH640-3067 TENNANT 20.5 HP (15.3 kW)
CH640-3088 MEDART (KS) BID-WELL CORP 20.5 HP (15.3 kW)
CH640-3117 VERMEER 20.5 HP (15.3 kW)
CH640-3127 WAUKESHA PEARCE 20.5 HP (15.3 kW)
CH640-3129 EPG 20.5 HP (15.3 kW)
CH640-3131 CPT 20.5 HP (15.3 kW)
CH640-3132 CPT 20.5 HP (15.3 kW)
CH640-3133 CPT - DISC
CH640-3140 MEDART 20.5 HP (15.3 kW)
CH640-3143 MEDART 20.5 HP (15.3 kW)
CH640-3147 MI-T-M 20.5 HP (15.3 kW)
CH640-3152 SMITHCO WEST 20.5 HP (15.3 kW)
CH640-3153 TORO 20.5 HP (15.3 kW)
CH640-3158 VERMEER 20.5 HP (15.3 kW)
CH640-3203 MARKETING BASIC 20.5 HP (15.3 kW)
CH640-3207 CPT/ECHELLES 20.5 HP (15.3 kW)
CH640-3208 VERMEER (TRENCHER) 20.5 HP (15.3 kW)
CH640-3211 VERMEER 20.5 HP (15.3 kW)
CH640-3215 KOHLER CHINA 20.5 HP (15.3 kW)
CH640-3228 MKTG BASIC PRO (ANTI ICE)
CH670-0016 SCHILLER-PFEIFFER 22/23 HP (16.4 kW/17.2 kW)
CH670-0017 TOMINAGA 22/23 HP (16.4 kW/17.2 kW)
CH670-0019 TOMINGA 22/23 HP (16.4 kW/17.2 kW)
CH670-3016 SCHILLER-PFEIFFER 22/23 HP (16.4 kW/17.2 kW)
CH670-3019 TOMINGA 22/23 HP (16.4 kW/17.2 kW)
CH680-0021 BARRETO MFG 22.5 HP (16.8 kW)
CH680-0023 CPT 22.5 HP (16.8 kW)
CH680-3031 GARDNER BUFFALO TURBINE 22.5 HP (16.8 kW)
CH680-3032 MAKELIM 22.5 HP (16.8 kW)
CH680-3041 MAKELIM 22.5 HP (16.8 kW)
CH680-3046 BUFFALO TURBINE 22.5 HP (16.8 kW)
CH680-3054 CPT 22.5 HP (16.8 kW)
CH680-3056 MTD 22.5 HP (16.8 kW)
CH680-3058 DITCH WITCH 22.5 HP (16.8 kW)
CH680-3082 MTD 22.5 HP (16.8 kW)
CH680-3083 HUSQVARNA 22.5 HP (16.8 kW)
CH680-3101 HYDRALADA 22.5 HP (16.8 kW)
CH680-3031 GARDNER BUFFALO TURBINE 22.5 HP (16.8 kW)
CH680-3032 MAKELIM 22.5 HP (16.8 kW)
CH680-3041 MAKELIM 22.5 HP (16.8 kW)
CH680-3046 BUFFALO TURBINE 22.5 HP (16.8 kW)
CH680-3054 CPT 22.5 HP (16.8 kW)
CH680-3056 MTD 22.5 HP (16.8 kW)
CH680-3058 DITCH WITCH 22.5 HP (16.8 kW)
CH680-3082 MTD 22.5 HP (16.8 kW)
CH680-3083 HUSQVARNA 22.5 HP (16.8 kW)
CH680-3101 HYDRALADA 22.5 HP (16.8 kW)
CH730-0174 U-YOUNG 23.5 HP (17.5 kW)
CH730-0219 SCAG 21.5 HP (16.0 kW)
CH730-0220 SCAG 23.5 HP (17.5 kW)
CH730-3000 MKTG BASIC PRO (LPAC)
CH730-3001 MKTG BASIC PRO (ANTI-ICE)
CH730-3002 MKTG BASIC PRO (LPAC)
CH730-3201 BASIC 23.5 HP (17.5 kW)
CH730-3207 BASIC 23.5 HP (17.5 kW)
CH730-3217 BASIC 23.5 HP (17.5 kW)
CH730-3226 CENTRAL POWER 23.5 HP (17.5 kW)
CH730-3243 SMITHCO 23.5 HP (17.5 kW)
CH730-3263 CPD 23.5 HP (17.5 kW)
CH730-3265 GARDNER 23.5 HP (17.5 kW)
CH730-3271 LOFTIN 23.5 HP (17.5 kW)
CH730-3276 CANADA POWER - THOMAS 23.5 HP (17.5 kW)
CH730-3277 CPD  WI (MB CO.) 23.5 HP (17.5 kW)
CH730-3305 CPD 23.5 HP (17.5 kW)
CH730-3310 MARKETING BASIC 23.5 HP (17.5 kW)
CH730-3315 TRANSDIESEL 23.5 HP (17.5 kW)
CH730-3317 FRANKLIN ELECTRIC 23.5 HP (17.5 kW)
CH730-3323 HG MAKELIM 21.5 HP (16.0 kW)
CH730-3330 CPD (BOSS IND) (LPAC)
CH730-3331 LOMBARDINI (LPAC)
CH730-3334 GARDNER-OH (LPAC)
CH740-0008 WHITEMAN INDUSTRIES 25 HP (18.6 kW)
CH740-0011 WHITEMAN 25 HP (18.6 kW)
CH740-0012 BASIC 25 HP (18.6 kW)
CH740-0031 MEDART 25 HP (18.6 kW)
CH740-0032 TIERMANN 25 HP (18.6 kW)
CH740-0062 25 HP (18.6 kW)
CH740-0083 SWED MOTOR 25 HP (18.6 kW)
CH740-0085 GIZMOW 25 HP (18.6 kW)
CH740-0134 SHENZHEN EON 25 HP (18.6 kW)
CH740-0139 GARDNER 25 HP (18.6 kW)
CH740-0142 BEIJING HOAKAI 25 HP (18.6 kW)
CH740-3006 BASIC 25 HP (18.6 kW)
CH740-3009 BASIC 25 HP (18.6 kW)
CH740-3010 MARKETING BASIC (TIER III)
CH740-3012 BASIC 25 HP (18.6 kW)
CH740-3128 MEDART 25 HP (18.6 kW)
CH740-3138 WAUKESHA PEARCE 25 HP (18.6 kW)
CH740-3139 GARDNER  OH (BUFFALO TURBINE) 25 HP (18.6 kW)
CH740-3143 MQ WHITEMAN 25 HP (18.6 kW)
CH740-3144 BASIC 25 HP (18.6 kW)
CH740-3146 SOFF CUT 25 HP (18.6 kW)
CH740-3153 MEDART 25 HP (18.6 kW)
CH740-3154 MEDART 25 HP (18.6 kW)
CH740-3160 GARDNER 25 HP (18.6 kW)
CH740-3162 MQ WHITEMAN 25 HP (18.6 kW)
CH740-3183 GARDNER 25 HP (18.6 kW)
CH740-3220 GARDNER 25 HP (18.6 kW)
CH740-3327 GARDNER 25 HP (18.6 kW)
CH740-3339 RBI 25 HP (18.6 kW)
CH740-3342 CPD 25 HP (18.6 kW)
CH740-3347 PES 25 HP (18.6 kW)
CH740-3350 PES-REPOWER SPECIALISTS (HDAC)
CH740-3362 MKTG BASIC
CH740-3363 MKTG BASIC PRO (LPAC)
CH742-3110 SCHILLER-PFEIFFER 25 HP (18.6 kW)
CH742-3126 GARDNER-LASTEC 25 HP (18.6 kW)
CH742-3127 GARDNER-TERRAMITE 25 HP (18.6 kW)
CH745-0004 WHITEMAN INDUSTRIES 28HP (20.9 kW)
CH745-0005 WESTERN ARIAL 28HP (20.9 kW)
CH745-0006 LASTEC 28HP (20.9 kW)
CH745-0007 EXMARK 28HP (20.9 kW)
CH745-0008 GARDNER 28HP (20.9 kW)
CH745-0010 BASIC 28HP (20.9 kW)
CH745-0011 TOMCAR 28HP (20.9 kW)
CH745-0012 EXMARK 28HP (20.9 kW)
CH745-0013 SHENZHEN 28HP (20.9 kW)
CH745-0014 YETMANS 28HP (20.9 kW)
CH745-0015 EXMARK 28HP (20.9 kW)
CH745-0017 GARDNER 28HP (20.9 kW)
CH745-0113 WHITEMAN 28HP (20.9 kW)
CH745-3100 BASIC 28HP (20.9 kW)
CH745-3110 EXMARK 28HP (20.9 kW)
CH745-3113 GARDNER 28HP (20.9 kW)
CH745-3114 WHITEMAN 28HP (20.9 kW)
CH750-0005 BASIC 27 HP (20.1 kW)
CH750-0022 EPG 27 HP (20.1 kW)
CH750-0023 EPG 27 HP (20.1 kW)
CH750-0032 CHARLES MACHINE 27 HP (20.1 kW)
CH750-0037 MILLER ELECTRIC 27 HP (20.1 kW)
CH750-0038 Miller Electric 27 HP (20.1 kW)
CH750-0040 EPG 27 HP (20.1 kW)
CH750-0041 EPG 27 HP (20.1 kW)
CH750-0047 LOMBARDINI 27 HP (20.1 kW)
CH750-3005 BASIC 27 HP (20.1 kW)
CH750-3032 CHARLES MACHINE 27 HP (20.1 kW)
CH750-3038 Miller Electric 27 HP (20.1 kW)
CH750-3041 EPG 27 HP (20.1 kW)
CH750-3051 YETMANS 27 HP (20.1 kW)
CH750-3054 YETMANS BRANDT 27 HP (20.1 kW)
CH750-3070 KUBOTA 27 HP (20.1 kW)
CH750-3071 MAGNETO 27 HP (20.1 kW)
CH750-3073 GARDNER 27 HP (20.1 kW)
CH750-3074 DITCH WITCH 27 HP (20.1 kW)
CH752-3122 GARDNER 27 HP (20.1 kW)
CH752-3126 GARDNER 27 HP (20.1 kW)
CH940-0011 MEDART 32.5 HP (24.2 kW)
CH940-0012 YETMAN'S LTD 32.5 HP (24.2 kW)
CH940-2011 MEDART 32.5 HP (24.2 kW)
CH940-2012 YETMAN'S LTD 32.5 HP (24.2 kW)
CH940-3003 MARKETING BASIC-KOHLER CHINA
CH940-3011 YETMAN'S 32.5 HP (24.2 kW)
CH940-3014 JOHN DEERE 32.5 HP (24.2 kW)
CH940-3015 SHENZEN 32.5 HP (24.2 kW)
CH940-3016 BEIJING HAOKAI TECH 32.5 HP (24.2 kW)
CH940-3019 BEIJING HAOKAI TECH 32.5 HP (24.2 kW)
CH940-3021 MEDART 32.5 HP (24.2 kW)
CH960-0010 CONSTRUCTION EQUIPMENT 36 HP (26.9 kW)
CH960-0011 YETMAN'S LTD 36 HP (26.9 kW)
CH960-0012 YETMAN'S 36 HP (26.9 kW)
CH960-2010 U-YOUNG IND. 36 HP (26.9 kW)
CH960-2011 YETMAN'S LTD 36 HP (26.9 kW)
CH960-2012 YETMAN'S 36 HP (26.9 kW)
CH980-0014 YETMAN'S LTD 35 HP (26 kW)
CH980-0016 YETMAN'S 35 HP (26 kW)
CH980-0017 NINGO JITIAN 35 HP (26 kW)
CH980-2014 YETMAN'S 35 HP (26 kW)
CH980-2016 YETMAN'S 35 HP (26 kW)
CH980-2019 MEDART 35 HP (26 kW)
CH980-2027 MAGNETO SALES 35 HP (26 kW)
CH980-2028 U-YOUNG 35 HP (26 kW)
CH980-3000 MARKETING BASIC 35 HP (26 kW)
CH980-3001 MARKETING BASIC 35 HP (26 kW)
CH980-3002 BASIC 35 HP (26 kW)
CH980-3014 SHENZHEN 35 HP (26 kW)
CH980-3017 LOFTIN 35 HP (26 kW)
CH980-3018 GARDNER/BANDIT 35 HP (26 kW)
CH980-3019 MAGNETO SALES 35 HP (26 kW)
CH980-3021 SCHENZHEN  EON 35 HP (26 kW)
CH980-3022 SCHENZHEN  EON-DISC 35 HP (26 kW)
CH980-3023 MAGNETO SALES 35 HP (26 kW)
CH980-3024 BANDIT 35 HP (26 kW)
CH980-3028 PES - REPOWER SPECIALISTS(HDAC)
CV26-79509 TEXTRON 26HP (19.4 kW)
CV26-79510 HUSQVARNA TURF CARE 26HP (19.4 kW)
CV26-79511 MAGIC CIRCLE 26HP (19.4 kW)
CV26-79512 GREAT DANE 26HP (19.4 kW)
CV26-79513 SHIVVERS 26HP (19.4 kW)
CV26-79514 BUSH HOG 26HP (19.4 kW)
CV26-79515 MAGIC CIRCLE 26HP (19.4 kW)
CV26-79516 ARIENS 26HP (19.4 kW)
CV26-79517 TEXTRON 26HP (19.4 kW)
CV26-79518 PECO 26HP (19.4 kW)
CV26-79519 BUSH HOG 26HP (19.4 kW)
CV640-3026 AVANT ECHNO 20.5 HP (15.3 kW)
CV680-0025 MTD 22.5 HP (16.8 kW)
CV680-3042 MTD 22.5 HP (16.8 kW)
CV682-3019 MTD 22.5 HP (16.8 kW)
CV682-3026 HOP (HDAC)
CV730-0005 BUSH HOG 23.5 HP (17.5 kW)
CV730-0114 MAGIC CIRCLE 23.5 HP (17.5 kW)
CV730-3114 MAGIC CIRCLE 23.5 HP (17.5 kW)
CV730-3116 BUSH HOG 23.5 HP (17.5 kW)
CV730-3125 EXCEL HUSTLER 23.5 HP (17.5 kW)
CV730-3128 EXCEL HUSTLER 23.5 HP (17.5 kW)
CV730-3130 MTD 23.5 HP (17.5 kW)
CV730-3138 BUSH HOG 23.5 HP (17.5 kW)
CV730-3145 EXCEL 23.5 HP (17.5 kW)
CV730-3149 EXMARK 23.5 HP (17.5 kW)
CV730-3150 TANK LZ 48 23.5 HP (17.5 kW)
CV732-3016 MTD 23.5 HP (17.5 kW)
CV732-3017 BUSH HOG 23.5 HP (17.5 kW)
CV740-0125 MTD 25 HP (18.6 kW)
CV740-3125 MTD 25 HP (18.6 kW)
CV740-3137 EXCEL INDUSTRIES 25 HP (18.6 kW)
CV740-3141 MTD 25 HP (18.6 kW)
CV740-3148 MTD 25 HP (18.6 kW)
CV742-3016 MTD 25 HP (18.6kW)
CV742-3024 ARIENS 25 HP (18.6kW)
CV742-3025 BUSH HOG 25 HP (18.6kW)
CV742-3032 MTD 25 HP (18.6kW)
CV745-0001 DIXIE 28HP (20.9 kW)
CV745-0002 TEXTRON 28HP (20.9 kW)
CV745-0003 ARIENS 28HP (20.9 kW)
CV745-0004 GREAT DANE 28HP (20.9 kW)
CV745-0005 EXCEL HUSTLER 28HP (20.9 kW)
CV745-0006 CTP 28HP (20.9 kW)
CV745-0007 BASIC 28HP (20.9 kW)
CV745-0008 BUSH HOG 28HP (20.9 kW)
CV745-0009 SHIVVERS-COUNTRY CLIPPER 28HP (20.9 kW)
CV745-3010 BUSH HOG 28HP (20.9 kW)
CV752-3011 BUSH HOG 27 HP (20.1 kW)
CV940-0002 BASIC 32.5 HP (24.2 kW)
CV940-2002 BASIC 32.5 HP (24.2 kW)
CV960-0002 BASIC 36HP (26.9KW)
CV960-2002 BASIC 36HP (26.9KW)
CV980-0002 BASIC 35 HP (26 kW)
CV980-0010 MAGIC CIRCLE 35 HP (26 kW)
CV980-2002 BASIC 35 HP (26 kW)
ECH630-3001 BASIC 19HP (14.2 kw)
ECH630-3002 GARDNER 19HP (14.2 kw)
ECH630-3003 BASIC 19HP (14.2 kw)
ECH630-3004 BASIC 19HP (14.2 kw)
ECH630-3005 BASIC 19HP (14.2 kw)
ECH630-3006 BASIC 19HP (14.2 kw)
ECH630-3007 BASIC 19HP (14.2 kw)
ECH630-3008 BASIC 19HP (14.2 kw)
ECH630-3011 MARKET 19HP (14.2 kw)
ECH630-3012 MARKET SPEC 19HP (14.2 kw)
ECH630-3022 GOODALL 19HP (14.2 kw)
ECH630-3023 LOMBARDINI 19HP (14.2 kw)
ECH630-3024 ALLMAND BROS 19HP (14.2 kw)
ECH630-3025 GARDNER 19HP (14.2 kw)
ECH630-3026 GOODALL/CPD 19HP (14.2 kw)
ECH630-3027 LOMBARDINI 19HP (14.2 kw)
ECH630-3033 OD & G 19HP (14.2 kw)
ECH630-3034 VANAIR 19HP (14.2 kw)
ECH630-3036 JOHN DEERE 19HP (14.2 kw)
ECH630-3037 OD&G 19HP (14.2 kw)
ECH630-3038 CPD 19HP (14.2 kw)
ECH630-3039 CPD 19HP (14.2 kw)
ECH630-3041 MEDART 19HP (14.2 kw)
ECH630-3044 CPD 19HP (14.2 kw)
ECH630-3046 MEDART 19HP (14.2 kw)
ECH650-3001 BASIC 21 HP (15.7 kw)
ECH650-3002 BASIC 21 HP (15.7 kw)
ECH650-3003 BASIC 21 HP (15.7 kw)
ECH650-3004 BASIC 21 HP (15.7 kw)
ECH650-3011 MARKET SPEC 21 HP (15.7 kw)
ECH650-3012 MARKET SPEC 21 HP (15.7 kw)
ECH650-3022 SDMO 21 HP (15.7 kw)
ECH650-3023 DINGO 21 HP (15.7 kw)
ECH650-3025 DINGO 21 HP (15.7 kw)
ECH650-3028 SDMO 21 HP (15.7 kw)
ECH650-3029 MEDART 21 HP (15.7 kw)
ECH650-3032 LOFTIN 21 HP (15.7 kw)
ECH650-3033 ASW 21 HP (15.7 kw)
ECH650-3036 HG MAKELIM ANDROS ENGINEERING 21 HP (15.7 kw)
ECH680-3011 MTD 23 HP (17.2 kw)
ECH680-3012 WALKER 23 HP (17.2 kw)
ECH680-3013 HYDRALADA 23 HP (17.2 kw)
ECH680-3014 MARKET SPEC 23 HP (17.2 kw)
ECH680-3015 MARKET SPEC 23 HP (17.2 kw)
ECH680-3024 SDMO 23 HP (17.2 kw)
ECH680-3025 MEDART 23 HP (17.2 kw)
ECH730-0011 MILLER ELECTRIC 25 HP (18.61 kw)
ECH730-0012 Miller Electric 25 HP (18.61 kw)
ECH730-3001 BASIC 25 HP (18.61 kw)
ECH730-3002 BASIC 25 HP (18.61 kw)
ECH730-3003 BASIC 25 HP (18.61 kw)
ECH730-3004 BASIC 25 HP (18.61 kw)
ECH730-3005 BASIC 25 HP (18.61 kw)
ECH730-3007 BASIC 25 HP (18.61 kw)
ECH730-3008 BASIC 25 HP (18.61 kw)
ECH730-3014 GARDNER 25 HP (18.61 kw)
ECH730-3015 MILLER ELECTRIC 25 HP (18.61 kw)
ECH730-3016 GARDNER 25 HP (18.61 kw)
ECH730-3017 MILLER ELECTRIC 25 HP (18.61 kw)
ECH730-3018 EXMARK 25 HP (18.61 kw)
ECH730-3019 HG MAKELIM 25 HP (18.61 kw)
ECH730-3020 MARKET SPEC 25 HP (18.61 kw)
ECH730-3021 MARKET SPEC 25 HP (18.61 kw)
ECH730-3029 MARKET SPEC 25 HP (18.61 kw)
ECH730-3030 HAOKAI 25 HP (18.61 kw)
ECH730-3031 MILLER ELECTRIC 25 HP (18.61 kw)
ECH730-3032 MILLER ELECTRIC 25 HP (18.61 kw)
ECH730-3034 LEE AGRA/WPI 25 HP (18.61 kw)
ECH730-3035 EXMARK 25 HP (18.61 kw)
ECH730-3036 BAD BOY 25 HP (18.61 kw)
ECH730-3037 KUBOTA 25 HP (18.61 kw)
ECH730-3038 MULTIFARIUS 25 HP (18.61 kw)
ECH730-3039 WALKER 25 HP (18.61 kw)
ECH730-3040 HYDRALADA 25 HP (18.61 kw)
ECH730-3041 MEDART 25 HP (18.61 kw)
ECH730-3042 VAN AIR 25 HP (18.61 kw)
ECH730-3043 CPD 25 HP (18.61 kw)
ECH730-3044 OD & G 25 HP (18.61 kw)
ECH730-3045 GARDNER 25 HP (18.61 kw)
ECH730-3046 OD&G 25 HP (18.61 kw)
ECH730-3047 HG MAKELIM 25 HP (18.61 kw)
ECH730-3048 MILLER ELECTRIC 25 HP (18.61 kw)
ECH730-3049 MILLER ELECTRIC 25 HP (18.61 kw)
ECH730-3050 WALKER 25 HP (18.61 kw)
ECH730-3051 EXMARK 25 HP (18.61 kw)
ECH730-3053 BEIJING HAOKAI 25 HP (18.61 kw)
ECH730-3055 GARDNER (VANAIR) 25 HP (18.61 kw)
ECH730-3057 HYDRALADA 25 HP (18.61 kw)
ECH730-3059 LEE AGRA/WPI
ECH730-3060 MEDART
ECH730-3061 MULTIFARIUS/CPD
ECH730-3062 OD & G 25 HP (18.61 kw)
ECH730-3064 EXMARK 25 HP (18.61 kw)
ECH730-3065 INTIMIDATOR 25 HP (18.61 kw)
ECH730-3066 GARDNER (VANAIR)
ECH730-3069 CPD 25 HP (18.61 kw)
ECH730-3070 K-BAR 25 HP (18.61 kw)
ECH730-3072 GARDNER 25 HP (18.61 kw)
ECH730-3073 GARDNER OH 25 HP (18.61 kw)
ECH730-3075 GARDNER-FL 25 HP (18.61 kw)
ECH730-3076 CPD 25 HP (18.61 kw)
ECH730-3077 GARDNER 25 HP (18.61 kw)
ECH730-3078 VERMEER 25 HP (18.61 kw)
ECH730-3079 BEIJING HAOKAI (HDAC)
ECH730-3080 MiTM 25 HP (18.61 kw)
ECH730-3082 MILLER ELECTRIC 25 HP (18.61 kw)
ECH730-3084 MILLER ELECTRIC
ECH730-3085 GARDNER-BUFFALO TURBINE-BLOWER
ECH740-3001 BASIC 27 HP (20.1 kw)
ECH740-3002 BASIC 27 HP (20.1 kw)
ECH740-3003 BASIC 27 HP (20.1 kw)
ECH740-3004 BASIC 27 HP (20.1 kw)
ECH740-3005 BASIC 27 HP (20.1 kw)
ECH740-3006 BASIC 27 HP (20.1 kw)
ECH740-3007 BASIC 27 HP (20.1 kw)
ECH740-3008 BASIC  MECH PUMP 27 HP (20.1 kw)
ECH740-3009 BASIC 27 HP (20.1 kw)
ECH740-3010 MARKETING BASIC 27 HP (20.1 kw)
ECH740-3011 GARDNER OF FL (EFI) (HDAC) 27 HP (20.1 kw)
ECH740-3012 CPD 27 HP (20.1 kw)
ECH740-3013 MARKET SPEC 27 HP (20.1 kw)
ECH740-3014 MARKET SPEC 27 HP (20.1 kw)
ECH740-3024 VERMEER 27 HP (20.1 kw)
ECH740-3025 WALKER 27 HP (20.1 kw)
ECH740-3026 KUBOTA 27 HP (20.1 kw)
ECH740-3027 VERMEER 27 HP (20.1 kw)
ECH740-3028 LINCOLN ELECTRIC 27 HP (20.1 kw)
ECH740-3030 MAKELIM 27 HP (20.1 kw)
ECH740-3038 HG MAKELIM 27 HP (20.1 kw)
ECH740-3039 LINCOLN ELECTRIC 27 HP (20.1 kw)
ECH740-3041 ALTEC 27 HP (20.1 kw)
ECH740-3042 CAMPBELL HAUSFELD 27 HP (20.1 kw)
ECH740-3043 CPD-BACKWATERS 27 HP (20.1 kw)
ECH740-3044 GARDNER OF FLORIDA 27 HP (20.1 kw)
ECH740-3046 VERMEER 27 HP (20.1 kw)
ECH740-3047 VERMEER 27 HP (20.1 kw)
ECH740-3048 LINCOLN ELECTRIC 27 HP (20.1 kw)
ECH740-3049 MEDART 27 HP (20.1 kw)
ECH740-3050 GARDNER 27 HP (20.1 kw)
ECH740-3051 TORO-DINGO 27 HP (20.1 kw)
ECH740-3052 MEDART 27 HP (20.1 kw)
ECH740-3053 MEDART 27 HP (20.1 kw)
ECH740-3054 VERMEER 27 HP (20.1 kw)
ECH740-3055 MEDART 27 HP (20.1 kw)
ECH740-3056 RBI 27 HP (20.1 kw)
ECH740-3057 MEDART 27 HP (20.1 kw)
ECH740-3059 VERMEER 27 HP (20.1 kw)
ECH749-0011 GARDNER 26.5 HP (19.76 kw)
ECH749-3001 BASIC 26.5 HP (19.76 kw)
ECH749-3002 BASIC 26.5 HP (19.76 kw)
ECH749-3003 BASIC 26.5 HP (19.76 kw)
ECH749-3004 BASIC 26.5 HP (19.76 kw)
ECH749-3005 BASIC - 25 AMP (HDAC) (EFI) 26.5 HP (19.76 kw)
ECH749-3006 BASIC 26.5 HP (19.76 kw)
ECH749-3007 BASIC 26.5 HP (19.76 kw)
ECH749-3008 BASIC 26.5 HP (19.76 kw)
ECH749-3009 BASIC 26.5 HP (19.76 kw)
ECH749-3010 BASIC 26.5 HP (19.76 kw)
ECH749-3012 GARDNER OHIO 26.5 HP (19.76 kw)
ECH749-3013 CANADA POWER TECH 27 HP (20.1 kw)
ECH749-3014 GARDNER 26.5 HP (19.76 kw)
ECH749-3015 GARDNER 26.5 HP (19.76 kw)
ECH749-3016 SCAG 26.5 HP (19.76 kw)
ECH749-3017 WALKER 26.5 HP (19.76 kw)
ECH749-3018 GARDNER OH-WOODMIZER 26.5 HP (19.76 kw)
ECH749-3019 LUCAS MILL 26.5 HP (19.76 kw)
ECH749-3020 MARKET SPEC 26.5 HP (19.76 kw)
ECH749-3021 MARKET SPEC 26.5 HP (19.76 kw)
ECH749-3028 WALKER 26.5 HP (19.76 kw)
ECH749-3030 MARKET 26.5 HP (19.76 kw)
ECH749-3031 BASIC 26.5 HP (19.76 kw)
ECH749-3032 MORIDGE 26.5 HP (19.76 kw)
ECH749-3033 MORIDGE 26.5 HP (19.76 kw)
ECH749-3034 KUBOTA 26.5 HP (19.76 kw)
ECH749-3035 MUD BUDDY 26.5 HP (19.76 kw)
ECH749-3037 SCAG 26.5 HP (19.76 kw)
ECH749-3038 YETMAN 26.5 HP (19.76 kw)
ECH749-3039 VERMEER 26.5 HP (19.76 kw)
ECH749-3040 GARDNER 26.5 HP (19.76 kw)
ECH749-3041 RUSSKAYA 26.5 HP (19.76 kw)
ECH749-3042 GRACO 26.5 HP (19.76 kw)
ECH749-3043 SCAG 26.5 HP (19.76 kw)
ECH749-3044 CPD 26.5 HP (19.76 kw)
ECH749-3050 LOMBARDINI 26.5 HP (19.76 kw)
ECH749-3052 GARDNER 26.5 HP (19.76 kw)
ECH749-3053 GARDNER 26.5 HP (19.76 kw)
ECH749-3054 GARDNER 26.5 HP (19.76 kw)
ECH749-3055 BASIC 26.5 HP (19.76 kw)
ECH749-3056 BASIC 26.5 HP (19.76 kw)
ECH749-3057 BASIC  LPAC  25 AMP 26.5 HP (19.76 kw)
ECH749-3058 BASIC 26.5 HP (19.76 kw)
ECH749-3059 BASIC 26.5 HP (19.76 kw)
ECH749-3060 BASIC 26.5 HP (19.76 kw)
ECH749-3061 BASIC 26.5 HP (19.76 kw)
ECH749-3062 MARKETING BASIC 26.5 HP (19.76 kw)
ECH749-3063 SCAG 26.5 HP (19.76 kw)
ECH749-3064 WALKER 26.5 HP (19.76 kw)
ECH749-3065 YETMAN'S 26.5 HP (19.76 kw)
ECH749-3066 SCAG 26.5 HP (19.76 kw)
ECH749-3068 CPD 26.5 HP (19.76 kw)
ECH749-3069 GARDNER 26.5 HP (19.76 kw)
ECH749-3071 GARDNER 26.5 HP (19.76 kw)
ECH749-3072 GARDNER AIRPLACO 26.5 HP (19.76 kw)
ECH749-3074 GARDNER OH 26.5 HP (19.76 kw)
ECH749-3076 GARDNER 26.5 HP (19.76 kw)
ECH749-3077 GARDNER 26.5 HP (19.76 kw)
ECH749-3080 LOMBARDINI MOTOREN 26.5 HP (19.76 kw)
ECH749-3083 MORIDGE 26.5 HP (19.76 kw)
ECH749-3085 RUSSKAYA
ECH749-3086 VERMEER 26.5 HP (19.76 kw)
ECH749-3087 CPD 26.5 HP (19.76 kw)
ECH749-3088 BASIC  MCH PUMP (HDAC)
ECH749-3090 PES 26.5 HP (19.76 kw)
ECH749-3096 GARDNER OH (RAYCO) 26.5 HP (19.76 kw)
ECH749-3097 BASIC 26.5 HP (19.76 kw)
ECH749-3098 GARDNER 26.5 HP (19.76 kw)
ECH749-3099 ALLEN ENGINEERING 26.5 HP (19.76 kw)
ECH749-3100 CPD 26.5 HP (19.76 kw)
ECH749-3101 MCLAUGHLIN 26.5 HP (19.76 kw)
ECH749-3102 MOBILE ENERGY AUSTRALIA 26.5 HP (19.76 kw)
ECH749-3103 GARDNER  FL 26.5 HP (19.76 kw)
ECH749-3104 GARDNER CONNELL 26.5 HP (19.76 kw)
ECH749-3105 MEDART 26.5 HP (19.76 kw)
ECH749-3106 GARDNER-OH 26.5 HP (19.76 kw)
ECH749-3107 PES-JETTERS 26.5 HP (19.76 kw)
ECH749-3108 YETMANS-BRANDT 26.5 HP (19.76 kw)
ECH749-3109 MEDART-GATOR TAIL 26.5 HP (19.76 kw)
ECH749-3110 MEDART-AG GROWTH INT'L
ECH749-3111 LOFTIN ULTRAQUIP 26.5 HP (19.76 kw)
ECH749-3113 GRACO 26.5 HP (19.76 kw)
ECH749-3114 GARDNER-OH 26.5 HP (19.76 kw)
ECH749-3115 HG MAKELIM-RODDIE INC 26.5 HP (19.76 kw)
ECH749-3116 GARDNER FL 26.5 HP (19.76 kw)
ECH749-3117 GARDNER 26.5 HP (19.76 kw)
ECH749-3120 VERMEER (HDAC)
ECH749-3121 GARDNER - OH BUFFALO TURBINE
ECH940-3000 BASIC (HDAC) 33 HP
ECH940-3001 BASIC 33 HP
ECH940-3002 BASIC (LPAC) 33 HP
ECH940-3003 BASIC 33 HP
ECH940-3004 MARKETING BASIC 33 HP
ECH940-3005 BASIC (LPAC) 33 HP
ECH940-3012 CPD 33 HP
ECH940-3013 YETMANS 33 HP
ECH980-3000 BASIC 37 HP
ECH980-3001 BASIC 37 HP
ECH980-3002 BASIC (LPAC) 37 HP
ECH980-3003 MARKETING BASIC 37 HP
ECH980-3004 MARKETING BASIC 37 HP
ECH980-3005 BASIC
ECH980-3011 WALKER 37 HP
ECH980-3012 ALLEN ENGINEERING 37 HP
ECH980-3013 YETMANS 37 HP
ECH980-3014 TRANSDIESEL 37 HP
ECH980-3015 M & L ENGINE 37 HP
ECH980-3016 TORO 37 HP
ECH980-3017 PES MULTITRAIL 37 HP
ECH980-3019 GARDNER 37 HP
ECH980-3021 GARDNER 37 HP
ECH980-3022 MORIDGE 37 HP
ECH980-3024 G-OH 37 HP
ECH980-3025 MEDART (LPAC) 37 HP
ECH980-3026 YETMANS 37 HP
ECH980-3027 GARDNER 37 HP
ECH980-3029 GARDNER FL-VACTRON (LPAC) 37 HP
ECH980-3030 PES TAJFUN 37 HP
ECH980-3031 WALKER (HDAC) - REPLACEMENT SP 37 HP
ECH980-3032 RBI-CSI 37 HP
ECH980-3033 CPD-BRUTE FORCE (HDAC) 37 HP
ECH980-3034 LOMBARDINI SAELEN 37 HP
ECH980-3035 GARDNER-OH-MUDD OX 37 HP
ECH980-3036 PES-BARRETO 37 HP
ECH980-3037 BAD BOY (HDAC) 37 HP
ECH980-3040 GARDNER FL (LPAC)
ECV630-3011 MARKET SPEC 19 HP (14.2 kW)
ECV630-3012 MARKET SPEC 19 HP (14.2 kW)
ECV650-3011 EXMARK 21 HP (15.7 kw)
ECV650-3012 MARKET SPEC 21 HP (15.7 kw)
ECV650-3013 MARKET SPEC 21 HP (15.7 kw)
ECV650-3014 REPOWER 21 HP (15.7 kw)
ECV650-3015 EXMARK 21 HP (15.7 kw)
ECV650-3016 MARKETING 21 HP (15.7 kw)
ECV650-3017 EXMARK 21 HP (15.7 kw)
ECV650-3018 EXMARK 21 HP (15.7 kw)
ECV650-3019 TORO 21 HP (15.7 kw)
ECV650-3020 EXMARK 21 HP (15.7 kw)
ECV730-3001 BASIC 25 HP (18.61 kw)
ECV730-3002 MARKETING BASIC 25 HP (18.61 kw)
ECV730-3003 BASIC 25 HP (18.61 kw)
ECV730-3004 MARKETING BASIC 25 HP (18.61 kw)
ECV730-3005 MARKETING BASIC 25 HP (18.61 kw)
ECV730-3006 MAREKTING BASIC 25 HP (18.61 kw)
ECV730-3011 EXMARK 25 HP (18.61 kw)
ECV730-3012 TORO 25 HP (18.61 kw)
ECV730-3013 ARIENS 25 HP (18.61 kw)
ECV730-3014 MARKETING SPEC 25 HP (18.61 kw)
ECV730-3015 MARKET SPEC 25 HP (18.61 kw)
ECV730-3016 SCHILLER GROUNDS CARE 25 HP (18.61 kw)
ECV730-3017 EXMARK 25 HP (18.61 kw)
ECV730-3018 SCAG 25 HP (18.61 kw)
ECV730-3019 DIXIE 25 HP (18.61 kw)
ECV730-3021 MARKETING BASIC 25 HP (18.61 kw)
ECV730-3025 TORO 25 HP (18.61 kw)
ECV730-3026 TORO 25 HP (18.61 kw)
ECV730-3027 MARKETING REPOWER BASIC 25 HP (18.61 kw)
ECV730-3028 MARKETING-COMMERCIAL CUT(HDAC)
ECV730-3029 ARIENS 25 HP (18.61 kw)
ECV730-3030 SCAG 25 HP (18.61 kw)
ECV730-3031 EXMARK 25 HP (18.61 kw)
ECV730-3032 EXMARK 25 HP (18.61 kw)
ECV730-3033 TORO 25 HP (18.61 kw)
ECV730-3034 TORO (HDAC)
ECV730-3035 TORO-EXMARK 25 HP (18.61 kw)
ECV730-3036 DIXIE CHOPPER (HDAC)
ECV730-3037 SCHILLER 25 HP (18.61 kw)
ECV730-3040 MTD 25 HP (18.61 kw)
ECV730-3041 LOMBARDINI 25 HP (18.61 kw)
ECV730-3042 EXCEL (HDAC) 25 HP (18.61 kw)
ECV730-3043 TORO 25 HP (18.61 kw)
ECV730-3044 EXMARK (HDAC) 25 HP (18.61 kw)
ECV740-3011 JOHN DEERE 27HP(20.1 kw)
ECV740-3012 EXMARK 27HP(20.1 kw)
ECV740-3013 TORO 27HP(20.1 kw)
ECV740-3014 RBI/PECO 27HP(20.1 kw)
ECV740-3015 MARKET SPEC 27HP(20.1 kw)
ECV740-3016 MARKET SPEC 27HP(20.1 kw)
ECV740-3017 HOP 27HP(20.1 kw)
ECV740-3018 EXMARK 27HP(20.1 kw)
ECV740-3019 JOHN DEERE 27HP(20.1 kw)
ECV740-3020 SCAG 27HP(20.1 kw)
ECV740-3022 WRIGHT MFG 27HP(20.1 kw)
ECV740-3023 MEDART 27HP(20.1 kw)
ECV740-3024 ARIENS 27HP(20.1 kw)
ECV740-3025 JOHN DEERE 27HP(20.1 kw)
ECV740-3026 SCAG 27HP(20.1 kw)
ECV740-3031 SCAG 27HP(20.1 kw)
ECV740-3032 EXMARK 27HP(20.1 kw)
ECV740-3033 TORO 27HP(20.1 kw)
ECV740-3034 TORO 27HP(20.1 kw)
ECV740-3035 ARIENS 27HP(20.1 kw)
ECV740-3036 SCAG 27HP(20.1 kw)
ECV740-3037 SCAG 27HP(20.1 kw)
ECV740-3038 EXMARK 27HP(20.1 kw)
ECV740-3039 EXMARK 27HP(20.1 kw)
ECV740-3040 EXMARK 27HP(20.1 kw)
ECV740-3041 JOHN DEERE 27HP(20.1 kw)
ECV740-3042 JOHN DEERE 27HP(20.1 kw)
ECV740-3044 TORO 27HP(20.1 kw)
ECV740-3045 TORO 27HP(20.1 kw)
ECV740-3046 HOP 27HP(20.1 kw)
ECV740-3047 MEDART 27HP(20.1 kw)
ECV740-3048 RBI 27HP(20.1 kw)
ECV740-3049 WRIGHT MTF 27HP(20.1 kw)
ECV740-3050 TORO 27HP(20.1 kw)
ECV740-3052 TORO-EXMARK 27HP(20.1 kw)
ECV740-3054 EXCEL (HDAC) 27HP(20.1 kw)
ECV740-3055 EXMARK 27HP(20.1 kw)
ECV740-3056 MTD (HDAC) 27HP(20.1 kw)
ECV740-3057 SCAG 27HP(20.1 kw)
ECV740-3059 EXMARK 27HP(20.1 kw)
ECV740-3060 SCAG 27HP(20.1 kw)
ECV740-3061 SCAG 27HP(20.1 kw)
ECV740-3062 SCAG 27HP(20.1 kw)
ECV740-3063 TORO 27HP(20.1 kw)
ECV740-3064 HOP 27HP(20.1 kw)
ECV740-3065 EXMARK (HDAC) 27HP(20.1 kw)
ECV740-3066 JOHN DEERE 27HP(20.1 kw)
ECV740-3067 JOHN DEERE 27HP(20.1 kw)
ECV749-3001 MARKETING BASIC 29 HP (21.62 kW)
ECV749-3002 BASIC 29 HP (21.62 kW)
ECV749-3003 BASIC 29 HP (21.62 kW)
ECV749-3004 MARKETING BASIC 29 HP (21.62 kW)
ECV749-3011 EXMARK 29 HP (21.62 kW)
ECV749-3012 EXCEL 29 HP (21.62 kW)
ECV749-3013 ARIENS 29 HP (21.62 kW)
ECV749-3014 EXMARK 29 HP (21.62 kW)
ECV749-3015 BAD BOY MOWERS 29 HP (21.62 kW)
ECV749-3017 MARKET SPEC 29 HP (21.62 kW)
ECV749-3018 SHILLER GROUND CARE 29 HP (21.62 kW)
ECV749-3020 JOHN DEERE 29 HP (21.62 kW)
ECV749-3021 DIXIE CHOPPER 29 HP (21.62 kW)
ECV749-3022 FERRIS/SNAPPER-BASCO 29 HP (21.62 kW)
ECV749-3023 SHIVVERS 29 HP (21.62 kW)
ECV749-3025 SCAG 29 HP (21.62 kW)
ECV749-3026 WRIGHT 29 HP (21.62 kW)
ECV749-3027 SCAG 29 HP (21.62 kW)
ECV749-3028 JOHN DEERE 29 HP (21.62 kW)
ECV749-3029 HOP 29 HP (21.62 kW)
ECV749-3030 MTD 29 HP (21.62 kW)
ECV749-3034 EXMARK 29 HP (21.62 kW)
ECV749-3035 WORLD LAWN 29 HP (21.62 kW)
ECV749-3036 GARDNER 29 HP (21.62 kW)
ECV749-3040 TORO 29 HP (21.62 kW)
ECV749-3041 ARIENS 29 HP (21.62 kW)
ECV749-3042 MTD 29 HP (21.62 kW)
ECV749-3043 SCAG 29 HP (21.62 kW)
ECV749-3044 SCAG 29 HP (21.62 kW)
ECV749-3045 EXMARK 29 HP (21.62 kW)
ECV749-3046 EXMARK 29 HP (21.62 kW)
ECV749-3047 JOHN DEERE 29 HP (21.62 kW)
ECV749-3048 JOHN DEERE 29 HP (21.62 kW)
ECV749-3049 BAD BOY MOWERS 29 HP (21.62 kW)
ECV749-3050 DIXIE CHOPPER 29 HP (21.62 kW)
ECV749-3053 HOP 29 HP (21.62 kW)
ECV749-3054 SCHILLER 29 HP (21.62 kW)
ECV749-3055 SHIVVERS 29 HP (21.62 kW)
ECV749-3056 WORLD LAWN 29 HP (21.62 kW)
ECV749-3057 WRIGHT MFG 29 HP (21.62 kW)
ECV749-3058 TORO 29 HP (21.62 kW)
ECV749-3060 EXMARK 29 HP (21.62 kW)
ECV749-3062 ARIENS 29 HP (21.62 kW)
ECV749-3063 ARIENS (HDAC) 29 HP (21.62 kW)
ECV749-3064 EXMARK 29 HP (21.62 kW)
ECV749-3065 SCAG 29 HP (21.62 kW)
ECV749-3066 SCAG 29 HP (21.62 kW)
ECV749-3067 SCAG 29 HP (21.62 kW)
ECV749-3068 TORO (HDAC) 29 HP (21.62 kW)
ECV749-3069 TORO (HDAC) 29 HP (21.62 kW)
ECV850-3002 BASIC 27 HP
ECV850-3003 BASIC 27 HP
ECV850-3011 DIXIE CHOPPER 27 HP
ECV850-3016 EXMARK 27 HP
ECV850-3017 MTD 27 HP
ECV850-3018 JOHN DEERE 27 HP
ECV850-3020 EXMARK 27 HP
ECV850-3021 JOHN DEERE 27 HP
ECV860-3002 BASIC 29 HP
ECV860-3003 BASIC 29 HP
ECV860-3016 JOHN DEERE 29 HP
ECV860-3017 EXCEL 29 HP
ECV860-3018 JOHN DEERE 29 HP
ECV860-3019 EXCEL 29 HP
ECV860-3020 JOHN DEERE 29 HP
ECV860-3021 EXMARK 29 HP
ECV860-3025 EXCEL 29 HP
ECV860-3026 JOHN DEERE 29 HP
ECV860-3028 MORIDGE/GRASSHOPPER
ECV870-3002 BASIC 31 HP
ECV870-3003 BASIC 31 HP
ECV870-3012 EXMARK 31 HP
ECV870-3013 DIXIE CHOPPER 31 HP
ECV870-3014 EXMARK 31 HP
ECV880-3002 BASIC 33 HP
ECV880-3003 BASIC 33 HP
ECV880-3012 DIXIE CHOPPER 33 HP
ECV880-3015 EXMARK 33 HP
ECV880-3016 EXCEL 33 HP
ECV880-3019 JOHN DEERE 33 HP
ECV880-3020 ARIENS 33 HP
ECV880-3022 EXCEL 33 HP
ECV880-3024 FERRIS 33 HP
ECV880-3026 EXMARK 33 HP
ECV880-3028 MTD 33 HP
ECV880-3031 EXCEL 33 HP
ECV880-3032 BAD BOY
ECV880-3033 MORIDGE
ECV940-2011 EXMARK 33 HP
ECV940-2012 TORO 33 HP
ECV940-2013 SCAG 33 HP
ECV940-3011 EXMARK 33 HP
ECV940-3012 TORO 33 HP
ECV940-3013 SCAG 33 HP
ECV940-3014 DIXIE CHOPPER 33 HP
ECV940-3015 EXMARK 33 HP
ECV940-3016 SCAG 33 HP
ECV940-3017 EXMARK 33 HP
ECV940-3018 TORO 33 HP
ECV980-2011 EXMARK 37 HP
ECV980-2012 TORO 37 HP
ECV980-2013 HG MAKELIM 37 HP
ECV980-2016 TORO 37 HP
ECV980-3011 EXMARK 37 HP
ECV980-3012 TORO 37 HP
ECV980-3013 EXMARK 37 HP
ECV980-3014 TORO 37 HP
ECV980-3015 EXMARK 37 HP
ECV980-3016 TORO 37 HP
ELH775-3000 MKTG BASIC 30 (22.4)
ELH775-3011 OD & G 30 (22.4)
ELH775-3012 OD & G 30 (22.4)
FCV740-3011 JOHN DEERE 25 HP
FCV740-3012 JOHN DEERE 25 HP
LH690-0014 ONTARIO DRIVE & GEAR 24 HP (17.9 kW)
LH690-0016 CHESAPEAKE 24 HP (17.9 kW)
LH690-0017 OD & G 24 HP (17.9 kW)
LH690-0018 GENERATOR 24 HP (17.9 kW)
LH690-3017 OD & G 24 HP (17.9 kW)
LH775-0001 BASIC 30 HP (22.3 kW) Electronic Fuel Injection
LH775-0011 COBB CARPET 30 HP (22.3 kW) Electronic Fuel Injection
LH775-0012 ONTARIO DRIVE & GEAR 30 HP (22.3 kW) Electronic Fuel Injection
LH775-0013 EFI 30 HP (22.3 kW) Electronic Fuel Injection
LH775-0015 SCAG 30 HP (22.3 kW) Electronic Fuel Injection
LH775-0018 YETMAN'S 30 HP (22.3 kW) Electronic Fuel Injection
LH775-3012 ONTARIO DRIVE & GEAR 30 HP (22.3 kW) Electronic Fuel Injection
LH775-3015 SCAG 30 HP (22.3 kW) Electronic Fuel Injection
PCH680-3001 MARKETING BASIC 23 HP (17.1 kW)
PCH680-3002 MARKETING BASIC 23 HP (17.1 kW)
PCH680-3003 MARKETING BASIC 23 HP (17.1 kW)
PCH680-3004 MARKETING BASIC 23 HP (17.1 kW)
PCH680-3005 MARKETING BASIC 23 HP (17.1 kW)
PCH680-3006 MARKETING BASIC 23 HP (17.1 kW)
PCH680-3007 MARKETING BASIC 23 HP (17.1 kW)
PCH680-3008 MARKETING BASIC 23 HP (17.1 kW)
PCH680-3011 TORO 23 HP (17.1 kW)
PCH680-3012 TORO 23 HP (17.1 kW)
PCH740-3001 BASIC 25 HP (18.6 kW)
PCH740-3002 BASIC 25 HP (18.6 kW)
PCH740-3003 BASIC 25 HP (18.6 kW)
PCH740-3004 BASIC 25 HP (18.6 kW)
PCH740-3005 BASIC 25 HP (18.6 kW)
PCH740-3006 MARKETING BASIC 25 HP (18.6 kW)
PCH740-3007 BASIC 25 HP (18.6 kW)
PCH740-3008 BASIC 25 HP (18.6 kW)
PCH740-3010 BASIC 25 HP (18.6 kW)
PCH740-3012 MEDART 25 HP (18.6 kW)
PCH740-3013 MORIDGE 25 HP (18.6 kW)
PCH740-3014 SCAG 25 HP (18.6 kW)
PCH740-3015 WALKER 25 HP (18.6 kW)
PCH740-3016 BASIC 25 HP (18.6 kW)
PCH740-3017 BASIC 25 HP (18.6 kW)
PCH740-3018 BASIC 25 HP (18.6 kW)
PCH740-3019 BASIC 25 HP (18.6 kW)
PCH740-3020 MARKETING BASIC 25 HP (18.6 kW)
PCH740-3021 BASIC 25 HP (18.6 kW)
PCH740-3022 BASIC 25 HP (18.6 kW)
PCH740-3023 MEDART 25 HP (18.6 kW)
PCH740-3024 MORIDGE-GRASSHOPPER 25 HP (18.6 kW)
PCH740-3025 SCAG 25 HP (18.6 kW)
PCH740-3026 WALKER 25 HP (18.6 kW)
PCH740-3029 MILLER ELECTRIC 25 HP (18.6 kW)
PCH740-3031 PES 25 HP (18.6 kW)
PCV680-3003 MARKET SPEC 22 HP (16.4 kW)
PCV680-3004 MARKETING SPEC - COMMERCIAL CUT 22 HP (16.4 kW)
PCV680-3011 EXMARK 22 HP (16.4 kW)
PCV680-3012 EXMARK 22 HP (16.4 kW)
PCV680-3013 ARIENS 22 HP (16.4 kW)
PCV680-3014 EXMARK 22 HP (16.4 kW)
PCV680-3015 EXMARK 22 HP (16.4 kW)
PCV680-3016 ARIENS 22 HP (16.4 kW)
PCV740-3004 MARKET SPEC-COMMERCIAL CUT 24 HP (17.0 kW)
PCV740-3011 EXMARK 24 HP (17.0 kW)
PCV740-3012 SCAG 24 HP (17.0 kW)
PCV740-3013 ARIENS 24 HP (17.0 kW)
PCV740-3016 EXMARK 24 HP (17.0 kW)
PCV740-3017 SCAG 24 HP (17.0 kW)
PCV740-3018 ARIENS 24 HP (17.0 kW)
PCV740-3019 TORO 24 HP (17.0 kW)
PCV740-3020 EXMARK 24 HP (17.0 kW)
PCV740-3021 EXMARK 24 HP (17.0 kW)
PCV740-3022 LOMBARDINI 24 HP (17.0 kW)
","New","Free  USPS Priority Mail ® . See detailsfor shipping for shipping Located in: Oyster Bay, New York, United States","NA","NA","https://i.ebayimg.com/images/g/H1AAAOSwxf9kNlpB/s-l140.jpg","https://i.ebayimg.com/images/g/LnQAAOSw5ARkNlo7/s-l140.jpg","https://i.ebayimg.com/images/g/Yf0AAOSwADJkNlo7/s-l140.jpg","https://i.ebayimg.com/images/g/H1AAAOSwxf9kNlpB/s-l1600.jpg","https://i.ebayimg.com/images/g/LnQAAOSw5ARkNlo7/s-l1600.jpg","https://i.ebayimg.com/images/g/Yf0AAOSwADJkNlo7/s-l1600.jpg","https://i.ebayimg.com/images/g/g14AAOSwfq1kNlo4/s-l500.jpg","https://i.ebayimg.com/images/g/H1AAAOSwxf9kNlpB/s-l500.jpg","https://i.ebayimg.com/images/g/LnQAAOSw5ARkNlo7/s-l500.jpg","https://i.ebayimg.com/images/g/Yf0AAOSwADJkNlo7/s-l500.jpg","",""
"g","https://www.ebay.com/itm/173770686984","For Microsoft Surface Book Go Pro 3 4 5 6 7 8 AC Charger Adapter 1625 1706 1735","More than 10 available","US $13.99/ea","False","eBay
For Microsoft Surface Go Pro 3 Pro 4 Pro 5 AC Charger Adapter 1625 1706 1735 PEL
24W AC Charger Adapter
For Microsoft Windows 12 inch Surface Pro 4 Core M3 Tablet  Adapter Model 1735.
Please Note: This adapter Not compatible for surface pro 4 i5 i7 tablet.
Input Voltage: AC100-240V (Worldwide use);
Output: 15V 1.6A;USA standard plug version.
Automatic thermal  overload cut-off  and short circuit protection.
36W AC Charger Adapter:
For Surface Power Adapter 1625; Microsoft Surface Pro 3  Surface Pro 4 (Conroe i5  i7 versions) Power Supply - RC2-00001.
With 1.7 FT(0.5M) power cable  totally almost 6.6 FT length.
Input: AC100-240V (worldwide use)
Output: 12V 2.58A 36W.
Additional USB Port: 5V 1A USB 2.0.
The USB port allows you to charge another device such as your phone at the same time.
Magnetic snap-in power adapter charges Surface
65W AC Charger Adapter:
For Microsoft Surface Book/Book 2  Surface Go  Surface Pro 5  Surface Pro 3  Surface Pro 4 ; Microsoft Model 1706.
Automatic thermal  overload cut-off  and short circuit protection.
Input Voltage: AC100-240V (Worldwide use);
Output:15V 4A  USB 5V 1A 65W 
Come with 6Ft Power Cord Cable.
Magnetic snap-in power adapter charges surface. the 65W Power Supply quickly recharges the battery  while the USB port allows you to charge another device at the same time.
Package Included:
1 x AC Charger Adapter
1 x Power Cord
Note:
There are 3 types of charger  Pls compare with your Original Charger Adapter and MODEL before purchasing  thanks.Don't buy it wrong.
Payment
Delivery details
Term of details
About us
Warranty Policy
Payment
1. We accept payment via PayPal  Visa  Mastercard  Apple Pay  Google Pay etc.
2. All payments must be prepaid.
Delivery details
1. Items are generally shipped out within 24 hours after your payment has been cleared (
Sat. & Sun. excluded
.)
2. Orders from the United States will all be shipped out via USPS/Fedex. The shipment usually takes 2-8 business days(
Exclude public holiday
)  if you need the item urgently  please contact us for detail before purchase.
3. We ship to US ONLY and do not support Collection.
NOTE:
Once order shipped  we will not be able to intercept cancellations or change addresses.
4. All items will be shipped to buyer's paypal address. Please check your paypal address before place the order.
5. We are not responsible for wrong or undeliverable address. We reserve the right to charge the shipping fee again for returned items due to wrong address.
Term of details
Warranty& Return
We provide 30 days money back on non-defective  undamaged  unused and resalable products. Product is not eligible for refund after the 30-day refund period has expired.
Our warranty does not extended to any products that are physically damaged or that are not under normal operating conditions as a result of misuse or improper installation on the buyer/user's part.
For all returned products  Please contact us for the returning address and Pls no return case.
Order cancellation
At purchase history   find paid order and send cancel request. Usually  request would be agree in 24 hours.
Item sent   request failed. Let seller know your request through eBay message  try decline package   or ask seller send return label  or provide other better solution.
Revised address
We only accept shipping address at PayPal's account  per your and ours account security demand. It is better revised your new address at PayPal account  before you made payment.
Bother you send eBay message to us  if you forget revised.
It may be our service officer is rest. If you have not received our reply in time  accept our apologies sincerely.
Replacement
We accept 30 days return and refund request  after you get item.
You would get a brand new item  or refund full payment  if item is defective.
It is better hassle return request through eBay message  and provide photo at message.. We set eBay automatically respond to return request  it may be cause eBay solution is not your and our expected. For example  you want replace item  eBay asked buyer return and refund.
About us
We are a store  mainly run cleaner accessory. Such as battery   ac adapter  charger etc.
All item passed FCC / CE / ROHS certificates. Help buyer reduce the risk of damage  fire  dangerours mostly.
We work with a good quality OEM supplier and factory. Help you and us save money greatly.
Warranty Policy
About Warranty
- You don't need to pay for eBay Square Trade for getting covered by our warranty policy.
- There is a warranty label on our products like batteries and adapter chargers  please keep it safe and sealed.
- We don't cover the failure or damage caused by misuse  accident  modification  inappropriate physical or operating environment  natural disaster  power surge  and improper maintenance or storage.
- If you misuse the eBay Return Policy  our warranty to your purchase will be revoked.
- Please contact us via eBay message if you have any problem and please allow us 24 hours to reply  we will do our best to help you solve it.
We are committed to your satisfaction after your purchase. If you are not satisfied with your purchase in any way please give us an opportunity to try and make it right before leaving feedback. (
Exclude Sat  Sun and Public holiday
)
On Nov 6  2024 at 21:56:45 PST  seller added the following information:","New","Free  Standard Shipping . See detailsfor shipping for shipping Located in: Ontario, California, United States","True","NA","https://i.ebayimg.com/images/g/ecQAAOSwPdlm2VPi/s-l140.png","https://i.ebayimg.com/images/g/-ngAAOSwL9Zm2VPj/s-l140.jpg","https://i.ebayimg.com/images/g/2pYAAOSwYnZiqD5~/s-l140.jpg","https://i.ebayimg.com/images/g/pYAAAOSwGCFm2VPm/s-l140.jpg","https://i.ebayimg.com/images/g/GO0AAOSwyGhbhMrZ/s-l140.jpg","https://i.ebayimg.com/images/g/qboAAOSwHntbhMl8/s-l140.jpg","https://i.ebayimg.com/images/g/rJ4AAOSwcjFm2VPp/s-l140.jpg","https://i.ebayimg.com/images/g/kxUAAOSwRI1m2VPe/s-l140.jpg","https://i.ebayimg.com/images/g/DogAAOSwaOZm2VPp/s-l140.jpg","https://i.ebayimg.com/images/g/8U4AAOSwJ7tm2VPq/s-l140.jpg","https://i.ebayimg.com/images/g/NxcAAOSwj8lm2VPm/s-l140.jpg","https://i.ebayimg.com/images/g/4O0AAOSwqzFmz0dR/s-l140.jpg"
"Price","Quantity","Sold","Spec 1","Spec 2"
"11.99","6","6","24W Surface Pro 3 Pro 4"
"13.99","87","6","36W Surface Pro 3 Pro 4"
"14.99","521","22","65W Surface Pro 3 Pro 4"
"13.99","133","0","44W Surface Pro 3 4 5 6"
"f","https://www.ebay.com/itm/311841532586","Samsung Gear VR 2 Oculus Virtual Reality Headset 2016 SM-R323 Blue / Black USB-C","More than 10 available","US $38.99","False","eBay
Samsung Gear VR 2 Oculus 2016 Virtual Reality Headset 3D Wireless
Fits Galaxy S8  S8+  S7  S7 edge  Note 5  S6  S6 edge  S6 edge+
Samsung 2016 Gear VR 2
Take your adventures with you
Explore. Race. Jet-set. Discover. Do what you’ve only dreamed about and go where you’ve never been with the Samsung Gear VR  powered by Oculus. No wires  no complicated setup. Just snap your smartphone into the Gear VR and dive right into 360 experiences. Watch your favorite shows on Hulu and Netflix. Take your gaming to the next level. Tour exotic places and more. And with an expansive library of premium content  there’s always a new adventure waiting.
Turn your compatible Samsung Galaxy smartphone into a completely portable and wireless virtual reality machine.
Easy to use touch pad with dedicated Back and Home buttons
Wide field of view  precise head-tracking and low latency brings reality to the virtual  Be transported to amazing new worlds  in games  video and images  Thousands of 360 degree panoramic photos
Accelerometer  Gyrometer  Proximity (Mount/Unmount Detection)
Compatible with: Samsung Galaxy S7  Galaxy S7 edge  Galaxy Note5  Galaxy S6 edge+  Galaxy S6 and Galaxy S6 edge
Whats In The Box?
Gear VR 2 Black / Blue
Micro USB Or Type-C Adapter (You Choose)
Head Straps
Quick Start Guide
Guide
Why Purchase from us?
We ship within 24 hours (Not including Weekends & Holidays)
30 Days Return Policy
Rapid customer e-mail services
High Feedback score
Shipped in Secure bubble mailer
30 Days Return Policy
:
Within
30
Days of the invoice date Exchange or Return for a refund
. Upon receipt of the defective product(s)  Poppy9780 will begin to process your refund or exchange subject to availability.  Please allow seven (7) business days to process returns and Two (2) business days from the date Poppy9780 receives the defective product to process an exchange.     Poppy9780 will make every effort to replace it with the same product  subject to availability and the return of the defective one per this policy.
NON-DEFECTIVE PRODUCTS: (whether used or unused)
A customer may return an item for an exchange or refund even if the item is in working condition. If a customer does not like the bluetooth then he or she can return it for an exchange for another model or a refund. The refund amount will be the full amount paid to us. We are not responsible for any return charges.
RMA Number: Your RMA will be your eBay user name. It is the only way we can pull out your order and proceed with the exchange or refund so make sure it is legible.  You do not need to contact us for a return or exchange. Simply return the product to the below address and include a note with your eBay user name and what you would like us to do with it (ie: refund or exchange). All products returned to Poppy9780 without an eBay user name will be refused and sent back to the Customer at the Customer’s own expense.
To return an item  simply open a return request with eBay and we will approve it within 1-2 days.
Techspres (poppy9780)– Returns Department","Open box","Free  USPS Ground Advantage ® . See detailsfor shipping for shipping Located in: Brooklyn, New York, United States","True","NA","https://i.ebayimg.com/images/g/DvcAAOSwTM5Y5rST/s-l140.jpg","https://i.ebayimg.com/images/g/feIAAOSwA29Y5rSX/s-l140.jpg","https://i.ebayimg.com/images/g/9i0AAOSwls5Y5rSZ/s-l140.jpg","https://i.ebayimg.com/images/g/encAAOSwpkFY5rSF/s-l500.jpg","https://i.ebayimg.com/images/g/vQsAAOSwuLZY5rSJ/s-l500.jpg","https://i.ebayimg.com/images/g/e1cAAOSwpkFY5rSL/s-l500.jpg","https://i.ebayimg.com/images/g/cOoAAOSwpP9Y5rSO/s-l500.jpg","https://i.ebayimg.com/images/g/lf4AAOSww3tY5rSQ/s-l500.jpg","https://i.ebayimg.com/images/g/DvcAAOSwTM5Y5rST/s-l500.jpg","https://i.ebayimg.com/images/g/feIAAOSwA29Y5rSX/s-l500.jpg","https://i.ebayimg.com/images/g/9i0AAOSwls5Y5rSZ/s-l500.jpg","https://i.ebayimg.com/images/g/encAAOSwpkFY5rSF/s-l1600.jpg"
"Price","Quantity","Sold","Spec 1","Spec 2"
"38.99","200","41","Galaxy Note 5","Micro-USB"
"38.99","200","71","Galaxy S7","Micro-USB"
"38.99","200","72","Galaxy S6","Micro-USB"
"38.99","200","4","Galaxy S6 edge","Micro-USB"
"38.99","200","8","Galaxy S6 edge+","Micro-USB"
"38.99","200","61","Galaxy S7 edge","Micro-USB"
"38.99","119","119","Galaxy S8","Micro-USB"
"38.99","98","98","Galaxy S8+","Micro-USB"
"38.99","200","0","SM-N920T (T-Mobile)","Micro-USB"
"38.99","200","2","SM-N920A (AT&T)","Micro-USB"
"38.99","200","1","SM-N920V (Verizon)","Micro-USB"
"38.99","200","2","SM-N920P (Sprint)","Micro-USB"
"38.99","200","0","SM-N920R (US Cellular)","Micro-USB"
"38.99","200","0","SM-G930A (AT&T)","Micro-USB"
"38.99","200","0","SM-G930A (Cricket)","Micro-USB"
"38.99","200","0","SM-G930P (Sprint)","Micro-USB"
"38.99","200","1","SM-G930P (Boost))","Micro-USB"
"38.99","200","0","SM-G930P (Virgin Mobile)","Micro-USB"
"38.99","200","0","SM-G930V (Verizon)","Micro-USB"
"38.99","200","1","SM-G930T (T-Mobile)","Micro-USB"
"38.99","200","1","SM-G930T (Metro PCS)","Micro-USB"
"38.99","200","0","SM-G930R (US Cellular)","Micro-USB"
"38.99","200","0","SM-G920A (AT&T)","Micro-USB"
"38.99","200","0","SM-G920T (T-Mobile)","Micro-USB"
"38.99","200","0","SM-G920P (Sprint)","Micro-USB"
"38.99","200","0","SM-G920V (Verizon)","Micro-USB"
"38.99","200","0","SM-G920R (US Cellular)","Micro-USB"
"38.99","200","0","SM-G920T1 (Metro PCS)","Micro-USB"
"38.99","200","2","SM-G920AZ (Cricket)","Micro-USB"
"38.99","200","0","SM-G925A (AT&T)","Micro-USB"
"38.99","200","0","SM-G925T (T-Mobile)","Micro-USB"
"38.99","200","0","SM-G925P (Sprint)","Micro-USB"
"38.99","200","0","SM-G925V (Verizon)","Micro-USB"
"38.99","200","0","SM-G928A (AT&T)","Micro-USB"
"38.99","200","0","SM-G928T (T-Mobile)","Micro-USB"
"38.99","200","0","SM-G928P (Sprint)","Micro-USB"
"38.99","200","0","SM-G928V (Verizon)","Micro-USB"
"38.99","200","1","SM-G928R (US Cellular)","Micro-USB"
"38.99","200","0","SM-G935A (AT&T)","Micro-USB"
"38.99","200","0","SM-G935T (T-Mobile)","Micro-USB"
"38.99","200","7","SM-G935P (Sprint)","Micro-USB"
"38.99","200","0","SM-G935V (Verizon)","Micro-USB"
"38.99","200","0","SM-G935P (Virgin, Boost)","Micro-USB"
"38.99","200","1","SM-G935W8 (Rogers/Bell)","Micro-USB"
"38.99","2","2","SM-G950U","Micro-USB"
"38.99","1","1","SM-G955U","Micro-USB"
"38.99","5","5","SMG955UZVV (Verizon)","Micro-USB"
"38.99","1","1","SPHG955UGRY (Sprint)","Micro-USB"
"38.99","200","125","Galaxy S8","Type-C"
"38.99","197","197","Galaxy S8+","Type-C"
"38.99","200","0","SM-G950U","Type-C"
"38.99","200","27","SM-g950uzkatmb (T-Mobile)","Type-C"
"38.99","200","0","SM-G950UZVAATT (AT&T)","Type-C"
"38.99","200","1","SM-g950uzsavzw (Verizon)","Type-C"
"38.99","200","0","SPH-G950USLV (Sprint)","Type-C"
"38.99","200","0","SM-G950UZKAVMU (Virgin)","Type-C"
"38.99","200","0","SM-G950UZSATMK (Metro PCS)","Type-C"
"38.99","200","5","SM-G955U","Type-C"
"38.99","200","2","SM-g955uzkatmb (T-Mobile)","Type-C"
"38.99","200","0","SM-G955UZKAATT (AT&T)","Type-C"
"38.99","200","1","SMG955UZVV (Verizon)","Type-C"
"38.99","200","0","SPHG955UGRY (Sprint)","Type-C"
